feature_name,lasso_coef
rs2095518_AG,0.730887313308
rs12036216_GG,0.715468289352
rs9426306_TT,0.701076162132
rs1138333_AC,0.698049331922
rs12062136_AA,0.641704550966
rs1883567_GT,0.610045204792
rs12145450_TT,0.594136501612
rs1881561_TT,0.586484436217
rs7368252_CT,0.535983566991
rs586589_TT,0.52748997518
rs198411_CT,0.51716088256
rs12133956_CC,0.505017436918
rs1541318_TC,0.499022434564
rs6598858_TT,0.489177291686
rs6702295_TT,0.481271845508
rs6667299_TT,0.471641111232
rs1339367_GG,0.463970086296
rs2477777_TT,0.463789804157
rs1740481_AG,0.463151867845
rs4920381_TT,0.460184291311
rs1193223_GA,0.4469405832
rs11120923_CC,0.441673682909
rs6658098_CT,0.436563601734
rs2387698_GA,0.435409828912
rs6663450_TC,0.432024940855
rs12752833_CT,0.430054047679
rs209692_GG,0.421184462796
rs7529591_CC,0.418998167133
rs12735646_GA,0.412027533746
rs12567136_CT,0.411481651646
rs3820189_TT,0.410856586063
rs17421462_GG,0.392957814975
rs4348727_GG,0.390486134619
rs1869970_AG,0.385330820767
rs6703610_CT,0.38278547533
rs1193219_AG,0.381199188699
rs13513_TT,0.374931718049
rs9426467_AG,0.374126216148
rs11587046_CC,0.372596932429
rs6703297_TC,0.371047563626
rs4648464_GG,0.360621730582
rs17383551_AG,0.359136528776
rs12128325_GA,0.354311013421
rs869179_CC,0.352871772205
rs12736858_CT,0.351442112283
rs1569635_GG,0.350089945314
rs6688931_AA,0.344039271265
rs10916825_AG,0.340516097283
rs10797395_GG,0.338948103027
rs6541003_AA,0.338058852229
rs6683624_CC,0.327565344649
rs2235926_AG,0.324965413897
rs4662101_AA,0.321751245673
rs1292664_CC,0.319823286154
rs17352100_CT,0.31928926875
rs6665546_GA,0.316354963635
rs6683017_TC,0.312872802476
rs4845892_AC,0.311410121733
rs2816050_GG,0.310856322278
rs6657574_CT,0.310222700249
rs4655108_GG,0.309603179828
rs12077532_TT,0.308901440168
rs1569422_AA,0.304352006353
rs6675979_GA,0.301251853982
rs905138_TT,0.299139180472
rs2480772_AA,0.295704294803
rs12741472_AA,0.293368080579
rs4316338_GG,0.288567118169
rs7412132_GG,0.285490205888
rs3765340_CT,0.28437834668
rs1046548_AA,0.282760765031
rs4649124_GA,0.281992142022
rs313990_AG,0.279354967889
rs7518469_GT,0.275284358723
rs7546786_TT,0.273215919124
rs7536195_CT,0.273188457026
rs4609397_CT,0.25781742957
rs7411273_CT,0.257002457837
rs6661262_AG,0.256684472667
rs2788891_CC,0.25458773524
rs3766160_GA,0.253626120068
rs2236817_GG,0.252322710719
rs7551095_GG,0.250902193501
rs10803369_AC,0.249926535248
rs3010208_TT,0.248343205991
rs6680835_GT,0.247422251287
rs11580218_GG,0.242691020337
rs7417097_GG,0.234444651086
rs12139433_CA,0.234035444721
rs11588974_AC,0.232476709754
rs1009113_GA,0.230938916876
rs2134482_CT,0.230289584542
rs2486669_TC,0.226998342767
rs652536_GG,0.226990189334
rs2184708_AA,0.226599474342
rs10927440_CC,0.226235800286
rs2473808_GA,0.225987222502
rs7540491_CC,0.22508957351
rs11249209_GG,0.222023532599
rs6429695_TT,0.221512372405
rs6696978_GG,0.219510604193
rs12035857_TC,0.216438153755
rs7541095_CT,0.211667235932
rs4648390_CT,0.207617247794
rs1220398_GG,0.207226943235
rs4661732_TT,0.203464735694
rs9286945_GG,0.203315281322
rs10864316_AG,0.201001945835
rs581111_CT,0.198192624841
rs12095517_CC,0.193493447723
rs12139487_CC,0.190819722718
rs4949516_CT,0.188178437885
rs12409315_AA,0.186974935738
rs16824712_TT,0.186247689209
rs2236804_CC,0.185903456272
rs11584631_GG,0.182430465423
rs7418164_GA,0.179189827253
rs1767141_CA,0.178102271808
rs4391636_TT,0.172348929848
rs212531_CC,0.171531789418
rs11573253_GG,0.170795663271
rs4141983_TC,0.169125495437
rs3087566_AG,0.168523148384
rs17367504_AA,0.168250796474
rs10903032_AG,0.162610251292
rs6694632_AG,0.161113488593
rs6697292_GG,0.161036789548
rs7522460_TC,0.160924032327
rs3000851_CC,0.160167021293
rs12040954_GA,0.159608965424
rs7516683_GA,0.157775182911
rs2807345_TT,0.153743450185
rs1408149_TT,0.149535337562
rs1544068_GA,0.148686490709
rs502393_TT,0.147501627228
rs2071999_AA,0.147384175349
rs7552996_TT,0.144946472619
rs2250358_TC,0.144675104815
rs883136_AA,0.144468352285
rs1188395_CC,0.143876902028
rs1888759_TT,0.143764169024
rs2268170_GG,0.141091481692
rs28716253_AA,0.139568295374
rs6697555_CC,0.138699869447
rs7538516_TT,0.138488325081
rs904255_GG,0.13817234297
rs12139386_CC,0.138052736075
rs7543064_GG,0.13799833745
rs3795687_TT,0.135124477555
rs6661776_GG,0.133793982589
rs3795438_GG,0.129794614466
rs12144924_CC,0.129622862985
rs11589265_TT,0.128937270321
rs7536088_AA,0.128790221628
rs743982_CC,0.125639286501
rs829404_AG,0.120163627158
rs333185_GA,0.119285499715
rs2281303_GA,0.114827829958
rs749663_CT,0.112158642473
rs10794531_TT,0.110283250211
rs9659647_GG,0.10944458882
rs2092324_AG,0.108691732485
rs17416878_AG,0.10805230369
rs12024174_CC,0.106880886923
rs3900818_TT,0.105976518479
rs3813805_TT,0.105678227375
rs6670956_AC,0.105664761216
rs3013045_AG,0.102794877204
rs17278869_TT,0.0996785728658
rs473648_AA,0.0995660806717
rs11587739_AA,0.097400997118
rs11581460_GA,0.0968046369163
rs1045017_CT,0.0966202983584
rs12566535_GG,0.0959614168574
rs4333853_AA,0.0957345504963
rs12685_CC,0.0934562746201
rs262656_TT,0.0932546993472
rs2294811_GT,0.0921945708463
rs1201394_AA,0.0921705635671
rs1033867_TT,0.0919175777645
rs12410249_AA,0.0873722553425
rs10917176_TT,0.0864264602925
rs7528608_CC,0.084729979196
rs4233292_GG,0.0809585442928
rs10910078_CC,0.0795437720221
rs1417144_CC,0.0774952171913
rs2272803_GG,0.0772915303225
rs12121369_CA,0.0771802075995
rs648305_CT,0.0761232310323
rs675696_TT,0.0743279174274
rs3765380_CT,0.0737755948282
rs12078414_CC,0.0732203738559
rs9662668_GG,0.0727901272192
rs10903038_TG,0.071096613294
rs551355_AA,0.0679995644817
rs4648537_TT,0.0675735823746
rs7522344_CC,0.0669913349234
rs944191_AG,0.0667993164973
rs932372_AG,0.0667261382285
rs3820514_CT,0.0635550522513
rs6698901_AG,0.0619441599608
rs6690373_AA,0.0607975379673
rs665691_CC,0.0596150187871
rs11590846_TT,0.0576922075478
rs11583665_GG,0.0528982137523
rs697760_GT,0.0482763034732
rs10753494_CC,0.0465233730555
rs707472_GG,0.0462538106082
rs877648_TT,0.0434693191871
rs1093733_CT,0.0418257167704
rs2985855_GG,0.0404579077225
rs2797685_AA,0.0390295269773
rs10907194_CT,0.0382984344159
rs6689056_GA,0.0360881170392
rs10927632_GA,0.0351021214963
rs17162387_TG,0.0315973690621
rs761087_CC,0.0304071568459
rs517249_GA,0.0295788922783
rs973978_TT,0.0283260746299
rs2293910_AA,0.0275311159082
rs432169_CC,0.0256390798431
rs1981135_AA,0.0249181417935
rs11555809_TT,0.0240193698378
rs7523543_GG,0.0232747450623
rs7416912_TT,0.0224744528999
rs2248219_CT,0.0176171126148
rs2840758_GA,0.0169233412996
rs2483274_AA,0.0155512210731
rs3762391_CC,0.0143185816075
rs2182703_GG,0.0125986025969
rs4080918_CC,0.011011061501
rs6429804_AA,0.0106806730742
rs10864301_CT,0.00914757827483
rs16862684_GA,0.00913562473648
rs11261017_CC,0.00847964012019
rs3765702_CC,0.00714544506098
rs6425724_GA,0.00465478712465
rs12402317_CT,0.00303145431574
rs2038095_TC,0.000797245356609
rs880315_GG,0.000372003069294
rs14057_AA,0.000174495195821
rs4845881_AA,0.0
rs4912156_CT,0.0
rs1408149_TC,0.0
rs2143808_CT,0.0
rs12117836_AA,0.0
rs2981881_AA,0.0
rs271383_GT,0.0
rs490633_AA,0.0
rs3737686_GG,0.0
rs4518869_GA,0.0
rs6697733_TC,0.0
rs11121742_TG,0.0
rs2001143_TT,0.0
rs10779722_TC,0.0
rs4949516_CC,0.0
rs10903023_AA,0.0
rs6600275_CC,0.0
rs1188441_TC,0.0
rs3002685_GG,0.0
rs4908443_CC,0.0
rs7522712_GG,0.0
rs28637822_TT,0.0
rs10915093_GG,0.0
rs1981135_AG,0.0
rs9430624_GG,0.0
rs4073574_TT,0.0
rs11809335_GG,0.0
rs6669278_TT,0.0
rs1006371_AA,0.0
rs4908635_AG,0.0
rs12742921_CC,0.0
rs4912013_CC,0.0
rs10462021_AA,0.0
rs11586865_GG,0.0
rs4314833_TT,0.0
rs12401776_CC,0.0
rs12130351_TT,0.0
rs2999878_TC,0.0
rs3765340_CC,0.0
rs6665546_GG,0.0
rs6660810_GA,0.0
rs11584888_GA,0.0
rs3810982_AA,0.0
rs2504779_CC,0.0
rs1459760_CC,0.0
rs4661526_TC,0.0
rs4314833_TC,0.0
rs11260562_GA,0.0
rs414909_CC,0.0
rs17852649_GT,0.0
rs284262_AA,0.0
rs17398063_GG,0.0
rs2486669_TT,0.0
rs209727_AA,0.0
rs2807345_CT,0.0
rs3765380_CC,0.0
rs2143808_CC,0.0
rs7538084_GG,0.0
rs10753253_GG,0.0
rs4908654_TT,0.0
rs504560_CC,0.0
rs4661590_TT,0.0
rs3819967_CC,0.0
rs2745302_CC,0.0
rs2817134_CT,0.0
rs2039778_AG,0.0
rs6661562_GG,0.0
rs4845948_GT,0.0
rs3765384_TC,0.0
rs3765736_TT,0.0
rs12031599_TT,0.0
rs2273311_GA,0.0
rs4654339_TT,0.0
rs2274976_AA,0.0
rs12758705_AA,0.0
rs12045736_CC,0.0
rs12145714_GA,0.0
rs12401776_CT,0.0
rs2229579_CC,0.0
rs3765964_TT,0.0
rs4614227_AA,0.0
rs2134482_CC,0.0
rs10914189_CT,0.0
rs11578558_CC,0.0
rs12748963_CT,0.0
rs17404600_TT,0.0
rs6683017_TT,0.0
rs12069994_CC,0.0
rs4908428_AA,0.0
rs12090714_GG,0.0
rs209727_GA,0.0
rs875807_CT,0.0
rs10916852_TT,0.0
rs12752700_TT,0.0
rs2935542_AA,0.0
rs12028888_GG,0.0
rs11576658_CT,0.0
rs390468_CC,0.0
rs1193223_GG,0.0
rs10914170_CC,0.0
rs2745327_TT,0.0
rs730600_AG,0.0
rs2297791_TT,0.0
rs10907214_GG,0.0
rs1339372_TT,0.0
rs2305463_CC,0.0
rs2473252_AG,0.0
rs457252_GG,0.0
rs4391636_CC,0.0
rs2803309_GG,0.0
rs34676516_TT,0.0
rs6540985_AA,0.0
rs11590978_TT,0.0
rs7513455_GA,0.0
rs6429696_TT,0.0
rs4520412_TT,0.0
rs12058910_GG,0.0
rs3738097_AG,0.0
rs17458515_CC,0.0
rs3013093_CC,0.0
rs2496320_GG,0.0
rs10754907_TC,0.0
rs198389_GG,0.0
rs7541288_TT,0.0
rs1188402_AA,0.0
rs1188347_AA,0.0
rs6429822_AG,0.0
rs6678318_GG,0.0
rs2233687_AA,0.0
rs6688931_AG,0.0
rs11587326_CT,0.0
rs6697555_CT,0.0
rs3820609_CC,0.0
rs650298_AG,0.0
rs875807_TT,0.0
rs9442200_TC,0.0
rs11121704_TC,0.0
rs34108989_TT,0.0
rs6666424_TT,0.0
rs6429659_TT,0.0
rs12566535_AA,0.0
rs679563_AA,0.0
rs12140070_GG,0.0
rs914994_AA,0.0
rs309476_AC,0.0
rs4661661_TC,0.0
rs2359942_CC,0.0
rs4233533_TT,0.0
rs1055547_AA,0.0
rs4908665_TT,0.0
rs2027508_GG,0.0
rs523919_TT,0.0
rs12735646_GG,0.0
rs909823_CC,0.0
rs12562995_AA,0.0
rs6426375_AA,0.0
rs7527319_CC,0.0
rs2803310_GG,0.0
rs16830759_GG,0.0
rs12564154_CC,0.0
rs10927475_TT,0.0
rs209729_TT,0.0
rs7528683_AA,0.0
rs1874266_TT,0.0
rs2273041_CC,0.0
rs12133334_AA,0.0
rs2982376_CT,0.0
rs845237_CT,0.0
rs7541095_CC,0.0
rs3003408_GG,0.0
rs4661557_TT,0.0
rs6699975_TT,0.0
rs4655108_GA,0.0
rs1188402_AG,0.0
rs516243_CC,0.0
rs1188453_TT,0.0
rs10927982_AA,0.0
rs10492942_TT,0.0
rs11260958_CC,0.0
rs1830705_AA,0.0
rs3924486_TT,0.0
rs4908881_GA,0.0
rs6660541_AA,0.0
rs2305562_TT,0.0
rs7526268_TT,0.0
rs744834_TT,0.0
rs4845907_AG,0.0
rs2275424_AA,0.0
rs10910034_TT,0.0
rs10927437_AA,0.0
rs10903122_GG,0.0
rs3104434_AA,0.0
rs3813199_CT,0.0
rs1004557_GG,0.0
rs6682378_TT,0.0
rs10465915_AA,0.0
rs7554327_CC,0.0
rs12069994_AC,0.0
rs11810329_AA,0.0
rs200440_CT,0.0
rs6695903_AA,0.0
rs7513309_CC,0.0
rs588641_GA,0.0
rs12046763_CC,0.0
rs10916703_GG,0.0
rs7544003_TT,0.0
rs2236804_TT,0.0
rs11805753_TT,0.0
rs35232720_TT,0.0
rs4648870_TT,0.0
rs577042_GG,0.0
rs12062540_AA,0.0
rs12728802_TT,0.0
rs1065755_AA,0.0
rs3010876_CT,0.0
rs10917047_CC,0.0
rs11260718_CC,0.0
rs12128253_AA,0.0
rs10916846_TC,0.0
rs10492964_AC,0.0
rs7540491_CT,0.0
rs12747620_AA,0.0
rs284272_CC,0.0
rs11247723_CC,0.0
rs6681943_AA,0.0
rs924201_CC,0.0
rs311425_GA,0.0
rs2977265_GA,0.0
rs2235910_AA,0.0
rs598371_GG,0.0
rs7533344_GA,0.0
rs311425_AA,0.0
rs12035857_TT,0.0
rs7543064_TT,0.0
rs1188394_TT,0.0
rs1149046_CC,0.0
rs2301462_CC,0.0
rs7541037_CC,0.0
rs12128325_GG,0.0
rs12022929_TT,0.0
rs2898850_CC,0.0
rs4846210_AA,0.0
rs9203_TC,0.0
rs1052576_GG,0.0
rs12117836_GG,0.0
rs17852649_TT,0.0
rs3765764_GG,0.0
rs1152986_TC,0.0
rs6697531_TT,0.0
rs10903035_GG,0.0
rs6668370_TT,0.0
rs2817185_GG,0.0
rs942186_GG,0.0
rs2487670_CT,0.0
rs3924436_AA,0.0
rs2336031_AA,0.0
rs730600_GG,0.0
rs884940_AA,0.0
rs2473277_CC,0.0
rs1769711_GG,0.0
rs2053_TT,0.0
rs10864304_AA,0.0
rs4648537_CT,0.0
rs10737190_AA,0.0
rs6667429_TT,0.0
rs2428735_GG,0.0
rs2820996_CC,0.0
rs11260958_CT,0.0
rs4661594_TT,0.0
rs2235910_AC,0.0
rs11588669_GG,0.0
rs1010082_TG,0.0
rs12748963_CC,0.0
rs10928056_AA,0.0
rs214327_GG,0.0
rs4649163_CC,0.0
rs11121557_TT,0.0
rs10158468_CC,0.0
rs17160824_AA,0.0
rs1074078_CT,0.0
rs4661594_TG,0.0
rs7540957_GG,0.0
rs209692_GA,0.0
rs9660180_GG,0.0
rs2235789_GG,0.0
rs6687987_CC,0.0
rs10799228_AA,0.0
rs11247937_TT,0.0
rs11261065_AC,0.0
rs6598863_GA,0.0
rs10794531_TC,0.0
rs7518834_GG,0.0
rs12036552_GA,0.0
rs2319014_CC,0.0
rs2745260_GG,0.0
rs12044299_GA,0.0
rs4908443_CT,0.0
rs2229579_CT,0.0
rs1820205_CC,0.0
rs2651935_TT,0.0
rs4310409_GG,0.0
rs4649168_CC,0.0
rs6540985_AG,0.0
rs1883567_GG,0.0
rs2254669_TT,0.0
rs271383_GG,0.0
rs1009113_GG,0.0
rs1033867_TC,0.0
rs4912046_TT,0.0
rs10927982_GA,0.0
rs277671_GT,0.0
rs2477777_TC,0.0
rs2505722_TG,0.0
rs1566961_TC,0.0
rs3820034_TT,0.0
rs11589294_CC,0.0
rs17367504_AG,0.0
rs1868302_GG,0.0
rs3117067_GG,0.0
rs2480773_GG,0.0
rs2445640_AA,0.0
rs12144354_TC,0.0
rs11247865_TT,0.0
rs4466676_TT,0.0
rs3003378_GG,0.0
rs11260542_AG,0.0
rs12145450_TC,0.0
rs1924270_AA,0.0
rs15045_GA,0.0
rs13513_TC,0.0
rs2745302_CT,0.0
rs6663779_TT,0.0
rs4912048_GG,0.0
rs10927972_AA,0.0
rs4520361_TC,0.0
rs12126058_TT,0.0
rs10927586_GG,0.0
rs2816050_GA,0.0
rs11573298_GG,0.0
rs1257163_AA,0.0
rs17262293_AA,0.0
rs705579_GA,0.0
rs17383551_AA,0.0
rs4908853_AA,0.0
rs10916825_AA,0.0
rs1074078_CC,0.0
rs873319_CT,0.0
rs414909_CT,0.0
rs12758257_GG,0.0
rs1193219_AA,0.0
rs2143810_TT,0.0
rs10864463_AA,0.0
rs2473242_AG,0.0
rs1133398_AA,0.0
rs11587046_CT,0.0
rs590368_TT,0.0
rs3128342_GG,0.0
rs6673363_CC,0.0
rs17398063_GA,0.0
rs1256341_GG,0.0
rs4845892_AA,0.0
rs1750838_CC,0.0
rs11249209_AA,0.0
rs10492941_TT,0.0
rs4520361_TT,0.0
rs873321_CC,0.0
rs9729649_AA,0.0
rs818968_CC,0.0
rs3131419_GG,0.0
rs650298_GG,0.0
rs1256328_AA,0.0
rs1188399_GA,0.0
rs10864317_TT,0.0
rs12070592_CT,0.0
rs12028945_GA,0.0
rs407838_CT,0.0
rs351615_GG,0.0
rs4462110_GG,0.0
rs11121742_TT,0.0
rs12032209_CC,0.0
rs1775395_TT,0.0
rs2797682_TT,0.0
rs2071999_AC,0.0
rs7528781_CC,0.0
rs1459765_AA,0.0
rs588641_GG,0.0
rs3766160_GG,0.0
rs586589_TG,0.0
rs4920653_TC,0.0
rs6678459_TT,0.0
rs6683624_TT,0.0
rs2473242_AA,0.0
rs2428556_AG,0.0
rs4543765_AA,0.0
rs6661326_CC,0.0
rs7533344_GG,0.0
rs11811497_AG,0.0
rs3766306_GG,0.0
rs1188347_GA,0.0
rs1702311_GG,0.0
rs884736_TT,0.0
rs1538534_CC,0.0
rs7543405_CC,0.0
rs680357_AC,0.0
rs753305_TC,0.0
rs556258_TT,0.0
rs1725243_CC,0.0
rs6694109_CC,0.0
rs17184651_AC,0.0
rs12758257_GA,0.0
rs11260696_CC,0.0
rs3806310_TC,0.0
rs904255_GA,0.0
rs731024_GG,0.0
rs7535952_GG,0.0
rs7543486_GG,0.0
rs2235927_TT,0.0
rs3795263_AA,0.0
rs7542629_AA,0.0
rs7536195_CC,0.0
rs6540964_TT,0.0
rs2473345_CT,0.0
rs731024_AA,0.0
rs10915577_AA,0.0
rs7527904_TT,0.0
rs447558_AA,0.0
rs17356059_CC,0.0
rs226242_AG,0.0
rs1203709_AA,0.0
rs4466676_CT,0.0
rs6698832_GG,0.0
rs4908635_AA,0.0
rs8019_AA,0.0
rs7543809_TT,0.0
rs10803404_AA,0.0
rs973978_TC,0.0
rs1006147_GG,0.0
rs488595_AA,0.0
rs6429674_AA,0.0
rs2270978_AA,0.0
rs7520877_AA,0.0
rs2275950_GG,0.0
rs3940061_TT,0.0
rs2999878_CC,0.0
rs4509550_CC,0.0
rs2097518_GG,0.0
rs35886763_CC,0.0
rs10915035_AC,0.0
rs213624_GG,0.0
rs3010876_CC,0.0
rs2473246_CC,0.0
rs17028511_AA,0.0
rs495223_TT,0.0
rs7538516_TC,0.0
rs4310409_GT,0.0
rs2801178_GG,0.0
rs10779765_CT,0.0
rs1830705_GG,0.0
rs6699113_TC,0.0
rs1188441_TT,0.0
rs2143296_GG,0.0
rs6680835_GG,0.0
rs556596_TT,0.0
rs2748987_TT,0.0
rs12760884_TT,0.0
rs6681741_TT,0.0
rs10779765_CC,0.0
rs7555715_CC,0.0
rs1924270_AG,0.0
rs10803369_CC,0.0
rs7532146_CC,0.0
rs11576404_GG,0.0
rs5746051_GG,0.0
rs2227295_TT,0.0
rs880801_GA,0.0
rs7368252_CC,0.0
rs10928013_CC,0.0
rs4912019_CC,0.0
rs7539551_GG,0.0
rs869179_CT,0.0
rs2594289_TT,0.0
rs2273298_AG,0.0
rs9661064_GG,0.0
rs226242_AA,0.0
rs2503009_GG,0.0
rs10754873_AA,0.0
rs1891419_GA,0.0
rs4243820_CC,0.0
rs2070658_TT,0.0
rs848214_TT,0.0
rs4648524_GG,0.0
rs3011928_AA,0.0
rs6700106_AA,0.0
rs7415936_AA,0.0
rs6658098_TT,0.0
rs1874269_TT,0.0
rs2301461_TT,0.0
rs4646092_GA,0.0
rs3738632_CC,0.0
rs12036216_GA,0.0
rs364642_GG,0.0
rs3818033_CC,0.0
rs648305_CC,0.0
rs2088824_TT,0.0
rs12563231_CT,0.0
rs4649168_CT,0.0
rs1203678_CT,0.0
rs1181876_CC,0.0
rs3813199_CC,0.0
rs7555715_CA,0.0
rs3752543_CC,0.0
rs10915035_AA,0.0
rs7512834_TT,0.0
rs6700387_AA,0.0
rs7554327_CT,0.0
rs2483679_GG,0.0
rs4846212_CC,0.0
rs12141588_TT,0.0
rs1569635_GA,0.0
rs1695645_TT,0.0
rs4073574_TG,0.0
rs11582200_AA,0.0
rs909813_GG,0.0
rs12134924_AA,0.0
rs6657574_CC,0.0
rs17162387_TT,0.0
rs1024060_AA,0.0
rs10917404_TT,0.0
rs10864301_CC,0.0
rs3767150_TT,0.0
rs7555171_AA,0.0
rs4649002_GG,0.0
rs12752833_TT,0.0
rs17034440_GG,0.0
rs3170660_AA,0.0
rs2273298_GG,0.0
rs647287_AA,0.0
rs1009806_CC,0.0
rs17356177_TT,0.0
rs2473246_CT,0.0
rs2982376_CC,0.0
rs6692372_GG,0.0
rs909948_CC,0.0
rs12045815_GG,0.0
rs12090714_GA,0.0
rs11590458_TT,0.0
rs11580218_TT,0.0
rs12131096_AA,0.0
rs3765695_AA,0.0
rs12736858_CC,0.0
rs16851049_CC,0.0
rs2797682_TC,0.0
rs7550997_GG,0.0
rs1188403_GG,0.0
rs6661776_GA,0.0
rs12044299_GG,0.0
rs10910024_CC,0.0
rs7534822_TG,0.0
rs4391636_TC,0.0
rs1005753_AA,0.0
rs6429732_CC,0.0
rs10927414_GG,0.0
rs2473344_TT,0.0
rs1188399_GG,0.0
rs11121664_CC,0.0
rs1201394_AG,-0.00526328915861
rs12097284_CC,-0.00563412511102
rs12145714_GG,-0.00983292821037
rs1335759_TG,-0.0107032683185
rs10492941_GG,-0.0117432796985
rs2821054_AA,-0.0127434455323
rs7418164_AA,-0.0129293663496
rs1849943_GG,-0.0129582585162
rs4920642_TT,-0.016346917566
rs7529591_CT,-0.0164515322323
rs2495365_TC,-0.0189803831118
rs10902684_CT,-0.0199124412295
rs3131419_GA,-0.0212137023129
rs7546786_TC,-0.0224918188242
rs6697733_TT,-0.0238025981336
rs11573298_GT,-0.0246015437464
rs4845907_AA,-0.0247698725899
rs6680132_TT,-0.0265334278127
rs1057079_AG,-0.0281898727537
rs7522344_AA,-0.0331229738122
rs7553424_CC,-0.0333678739988
rs11247723_CA,-0.0337527475783
rs6677615_AA,-0.0340784680022
rs2100516_AC,-0.0348258503662
rs4644485_CC,-0.0357125388389
rs2487670_CC,-0.0371073486891
rs3820610_AA,-0.0385213746118
rs12137409_CC,-0.0388773960703
rs623974_AG,-0.039096795267
rs4908881_GG,-0.0419025102735
rs2480772_AG,-0.0434439661213
rs2377060_AA,-0.0443025976555
rs10794522_TC,-0.0446050371153
rs4654299_AC,-0.0460006407452
rs6687869_GG,-0.0463349212434
rs7534822_TT,-0.0495520892821
rs517249_GG,-0.0503984660426
rs1541318_TT,-0.0510814235265
rs6699701_CT,-0.0521302933542
rs2651927_TT,-0.0525101678099
rs7519457_AA,-0.0529068604344
rs4920653_CC,-0.0531665580852
rs7550997_GA,-0.0532460646366
rs10927586_GA,-0.0582682617188
rs2817174_CC,-0.0595441276014
rs12042883_CT,-0.0605586687431
rs4846048_GG,-0.0639809620098
rs1138333_AA,-0.06518835184
rs12140626_GA,-0.0659239482195
rs3010874_CC,-0.0662276151286
rs11587326_CC,-0.0666703781293
rs2505722_TT,-0.0695002116013
rs3766306_GT,-0.0725302535689
rs12040805_TT,-0.0729402192984
rs697760_GG,-0.0775089842415
rs2782810_CT,-0.0800667747872
rs11569864_CT,-0.0829064176497
rs576436_AG,-0.0887807731545
rs11811497_AA,-0.0899926163756
rs2651935_CC,-0.090235397295
rs7512834_TC,-0.0948276886566
rs4920460_TT,-0.0956962903315
rs6703297_TT,-0.098231435581
rs12062540_AG,-0.105897795841
rs10864479_GG,-0.106405659484
rs848195_GG,-0.10926441006
rs2093763_TT,-0.111211641101
rs3000851_CT,-0.112125420307
rs11590458_CT,-0.118024029051
rs680357_AA,-0.118137465477
rs2182703_AG,-0.120154366138
rs7555171_AC,-0.121662160586
rs2213801_GG,-0.122088083426
rs10864304_AG,-0.122437144961
rs12048463_CC,-0.12246533517
rs10779722_TT,-0.126397923128
rs11587739_AG,-0.128294331382
rs6540964_TC,-0.129103572506
rs2807345_CC,-0.132708184263
rs7543809_TC,-0.135196870938
rs2020902_TT,-0.135264734175
rs2236395_TC,-0.137498856721
rs707472_TT,-0.13884508457
rs6699113_TT,-0.139285999873
rs9426306_CC,-0.139413226037
rs11247865_TC,-0.141607284784
rs2254669_TC,-0.142266190382
rs262656_GG,-0.144361580904
rs12752801_CT,-0.145053765552
rs3002000_GG,-0.14580448141
rs2977272_CC,-0.146390892277
rs652536_GA,-0.147193271321
rs10910024_TT,-0.147545170346
rs2744720_TT,-0.148672603376
rs4845881_AG,-0.15217450804
rs3806310_TT,-0.153077931538
rs12759525_CT,-0.154638339098
rs7513455_GG,-0.155716310382
rs10489144_CC,-0.157684106267
rs2483274_GG,-0.160570789813
rs4845952_GA,-0.161184036549
rs2387698_GG,-0.162894909592
rs6429804_AG,-0.163122581609
rs2242421_GG,-0.16347000814
rs946758_CT,-0.163956376928
rs2275819_CC,-0.166893011812
rs1188403_GA,-0.173867642238
rs7543486_GA,-0.178159976498
rs4609454_AG,-0.182307948853
rs2270978_AG,-0.183927095048
rs12409315_AG,-0.191645634318
rs1556083_GA,-0.19247673986
rs4920310_AA,-0.195796629522
rs2428556_AA,-0.197901573416
rs4654726_CA,-0.198237432659
rs2294811_GG,-0.199868854581
rs12038524_GG,-0.201255030216
rs848210_GG,-0.206991938999
rs1702311_AG,-0.207349937939
rs705579_AA,-0.20821979369
rs2489256_GG,-0.211586287971
rs12128253_CC,-0.212691176529
rs6685177_GG,-0.213154623493
rs3128342_GT,-0.214093049297
rs3795687_CC,-0.216408471683
rs4649163_CT,-0.218248248517
rs909823_CA,-0.219142689558
rs12070592_CC,-0.220236485297
rs3762391_TT,-0.224163664447
rs590368_CC,-0.228603947893
rs10927632_AA,-0.229053365852
rs877648_TC,-0.23633317058
rs9329417_TT,-0.236537812275
rs11203239_TT,-0.237325382188
rs4661745_CC,-0.237875264821
rs3820514_CC,-0.240100648691
rs1372371_CT,-0.245130111492
rs1004557_GA,-0.245536536958
rs3738632_CT,-0.249114499462
rs2473253_CC,-0.251169400904
rs17028511_AG,-0.252058927478
rs16830759_AA,-0.252871756851
rs12402317_CC,-0.253034019856
rs10917431_TG,-0.255967223001
rs10462021_AG,-0.256724114404
rs4543765_AG,-0.257030793781
rs12755956_GA,-0.257280536662
rs364642_AG,-0.25759277461
rs880801_GG,-0.25984686876
rs10799646_AA,-0.260530023948
rs1005753_AC,-0.261570494904
rs1257163_AG,-0.266659093311
rs3789543_CC,-0.267813643658
rs6577408_AG,-0.271143815336
rs504560_CT,-0.272892476322
rs4908748_TT,-0.27712060652
rs848203_AA,-0.279370694876
rs4920485_GG,-0.287051061707
rs10927437_AG,-0.28824440805
rs932372_AA,-0.292677018712
rs4908440_TT,-0.293116749066
rs9117_TC,-0.294291343009
rs4543799_AA,-0.295601362681
rs212531_CT,-0.296018826257
rs12144924_CT,-0.299281677889
rs504469_TG,-0.304507479556
rs4646092_GG,-0.305136206814
rs28603108_AG,-0.310689180125
rs2477782_TC,-0.313175904485
rs10916703_AA,-0.3279728091
rs3013045_AA,-0.329485533239
rs12022529_TT,-0.333805567837
rs2092324_AA,-0.337561043143
rs4846127_TT,-0.337734466282
rs1883645_CT,-0.342352058124
rs16824712_TC,-0.347014645866
rs873319_CC,-0.347182226681
rs9659647_GA,-0.351634811434
rs2473345_CC,-0.353508051658
rs1891419_GG,-0.353904085796
rs12024174_TC,-0.363188990326
rs6541003_AG,-0.364934809495
rs2143810_TG,-0.368290474846
rs3007729_TC,-0.371473621318
rs881247_AG,-0.372991834949
rs17184651_AA,-0.373178919613
rs3819967_CT,-0.376119773562
rs10910078_CT,-0.38006904365
rs12139433_AA,-0.380989987835
rs12028945_GG,-0.391543001172
rs10916846_CC,-0.391755288956
rs6424058_CC,-0.394688725357
rs12036552_GG,-0.39492145201
rs4387213_GG,-0.402117847268
rs12128558_CC,-0.408531203292
rs7553231_TT,-0.409407527991
rs4949238_AA,-0.415964754889
rs7538084_GA,-0.419739941119
rs2227295_CT,-0.421052018284
rs7543405_CT,-0.425816047788
rs3818033_TT,-0.445117641032
rs5746051_AG,-0.446008179173
rs11121557_TG,-0.450235084916
rs7538925_CT,-0.451773177928
rs7536088_AG,-0.453230187787
rs10158813_AG,-0.453234006515
rs2038095_TT,-0.453273846669
rs4585968_GA,-0.456294308833
rs2014725_GG,-0.459155316877
rs490149_TC,-0.467663420593
rs12133956_AA,-0.470335002955
rs4661661_TT,-0.477630074842
rs200440_CC,-0.479295435837
rs4240904_CT,-0.496786568142
rs11586865_GA,-0.503241156219
rs10864471_AG,-0.508000692915
rs3765702_CT,-0.509415037004
rs1148455_CT,-0.534871384268
rs2473247_CC,-0.543054302713
rs12028120_TT,-0.558682665906
rs12726425_CT,-0.560763459979
rs10779763_AA,-0.648511676653
rs1535179_AG,-0.655128919234
rs4529713_AG,-0.672303295296
rs11589934_GG,-0.6861652333
rs2244300_CT,-0.699023957382
rs15045_AA,-0.731511180753
rs2250358_CC,-0.81201273702
rs2273298_AA,-0.888323540312
