feature_name,gain_value
rs869179_CC,1.744910052631579
rs7412132_GG,1.2053883
rs7538084_GA,1.2211806883116885
rs262656_GG,1.5845795428571423
rs12133956_CC,1.4245312463768116
rs1045017_CT,1.4503765800000001
rs12752801_CT,1.0407738387096774
rs1220398_GG,2.0165749782608704
rs7541095_CT,1.1358894423076922
rs6675979_GA,2.193606615384616
rs7540491_CC,1.1670621578947364
rs11580218_GG,1.0499320217391306
rs12038524_GG,1.1369018750000002
rs2236395_TC,1.4206336571428568
rs761087_CC,2.01330628125
rs6683017_TC,1.196787878378378
rs432169_CC,1.6436587142857146
rs10799646_AA,2.407482083333334
rs6702295_TT,1.536468777777778
rs10797395_GG,1.7717050769230778
rs6677615_AA,1.9667237826086958
rs829404_AG,1.2507415348837208
rs11573253_GG,1.4354662638888889
rs6670956_AC,1.4018008550724632
rs11120923_CC,1.1753619583333335
rs909823_CA,1.4515228
rs12741472_AA,1.3331709411764705
rs2473247_CC,1.1774533877551019
rs4644485_CC,1.5203084814814813
rs648305_CT,1.0304890465116279
rs7368252_CT,1.4730351652892564
rs2270978_AG,1.428031847826087
rs2268170_GG,1.1807209600000006
rs4661745_CC,1.3874814358974359
rs6694632_AG,1.2529025625000005
rs1408149_TT,1.3826577777777775
rs1541318_TC,1.4150915925925927
rs3000851_CC,2.399950931034483
rs12070592_CC,1.790394433333333
rs10927440_CC,1.3301637192982456
rs2182703_AG,1.4584101940298515
rs3000851_CT,1.5379979375
rs1541318_TT,0.998059942857143
rs212531_CC,1.3033663061224487
rs7516683_GA,1.3084475411764704
rs2477777_TT,1.3476035217391307
rs2807345_CC,1.242681840909091
rs1883645_CT,1.0472639189189186
rs209692_GG,1.1260073666666663
rs2273298_AA,2.6781986959064312
rs4609397_CT,1.401111292682927
rs212531_CT,1.4750708333333336
rs6697555_CC,1.2022106829268295
rs12139386_CC,1.4554905084745762
rs581111_CT,1.2853242181818179
rs10910024_TT,1.5761267073170733
rs7523543_GG,1.810004952380953
rs9426467_AG,1.2680789142857145
rs9662668_GG,1.8165855000000002
rs4920460_TT,1.3403414
rs4846048_GG,2.54806
rs28716253_AA,1.095004102040816
rs12128558_CC,1.7589110769230758
rs473648_AA,3.9127850000000004
rs2816050_GG,1.305070844444444
rs2985855_GG,1.443261891304348
rs7518469_GT,1.2945604222222222
rs12121369_CA,1.1991382857142856
rs7522460_TC,1.3999664722222223
rs883136_AA,1.3759917272727273
rs490149_TC,1.0732746129032251
rs2817174_CC,1.4966604999999997
rs6657574_CT,1.7393564230769225
rs2788891_CC,2.1180382000000004
rs504469_TG,1.2894803018867922
rs1372371_CT,1.1803137516666666
rs10927632_GA,0.8820687187500003
rs9117_TC,1.113905416666666
rs6424058_CC,1.2679270303030308
rs10910078_CT,1.453422219512195
rs2235926_AG,0.9837113103448278
rs3087566_AG,0.891726818181818
rs1057079_AG,1.2582272647058825
rs13513_TT,1.4041801363636364
rs502393_TT,1.676007791666667
rs7416912_TT,2.028851714285714
rs2505722_TT,1.3383253181818182
rs1417144_CC,1.2857028285714287
rs11586865_GA,1.3173820634920639
rs11569864_CT,1.210793184210526
rs3795438_GG,1.4427969838709682
rs12139487_CC,1.819281076923077
rs12139433_CA,1.1959130566037734
rs1009113_GA,1.7296282307692317
rs6703297_TC,1.3819175172413791
rs6661262_AG,1.7868834328358207
rs3007729_TC,1.1476322166666657
rs6699701_CT,1.4129880638297874
rs6703297_TT,1.0534221875
rs6663450_TC,1.3627090163934426
rs3010208_TT,1.0523238205128207
rs675696_TT,1.8414120212765956
rs6667299_TT,1.8971996792452823
rs4661661_TT,1.0106501290322583
rs2387698_GG,1.0876521578947373
rs6680835_GT,1.2167236666666665
rs11588974_AC,1.7162665641025638
rs2387698_GA,1.581445962264151
rs12402317_CC,1.7143702241379306
rs4543765_AG,1.4192629591836732
rs3820514_CT,1.5884491905882354
rs848195_GG,2.028314512195122
rs2272803_GG,1.4817054285714288
rs11589934_GG,1.1154305614035092
rs12410249_AA,0.9720975652173914
rs2782810_CT,1.8934452241379307
rs3738632_CT,0.8330020212765957
rs12402317_CT,1.3016507599999998
rs3766306_GT,1.7904408333333333
rs4908881_GG,1.7378957250000002
rs3820514_CC,1.4279251132075474
rs12028120_TT,1.1095473758064516
rs6425724_GA,1.8835664375000003
rs4949238_AA,0.9118303846153843
rs623974_AG,1.4282567333333331
rs4662101_AA,2.303807333333333
rs6689056_GA,1.043276463414634
rs12077532_TT,1.5685601428571434
rs10794531_TT,1.0386308867924525
rs946758_CT,1.3827779999999996
rs10916703_AA,1.6301617031249995
rs3762391_CC,1.482897229166667
rs1335759_TG,1.264099513513514
rs3762391_TT,1.4983083157894734
rs973978_TT,1.1572425000000002
rs3010874_CC,1.5760738095238098
rs4908440_TT,1.0911907391304347
rs743982_CC,0.8164915660377362
rs12062136_AA,1.9561539583333332
rs4333853_AA,1.5216709199999996
rs262656_TT,1.1508412187500003
rs17028511_AG,1.6889556451612908
rs4920381_TT,0.8489185555555555
rs7543064_GG,3.002083958333334
rs12036552_GG,1.2683529090909087
rs2377060_AA,4.03968
rs11247723_CA,1.355465236111111
rs2486669_TC,1.379195809523809
rs2236804_CC,1.460753857142857
rs17162387_TG,1.9526239999999997
rs10864471_AG,1.1628980816326528
rs7522344_CC,1.5411945909090905
rs7418164_AA,1.827323523809524
rs2014725_GG,1.3076767272727272
rs11121557_TG,1.7551456000000007
rs17278869_TT,1.2904203421052636
rs2244300_CT,1.1956885272727271
rs2038095_TC,1.4205699714285713
rs7552996_TT,1.5674830816326535
rs11573298_GT,1.3346803142857142
rs848210_GG,1.0994259655172414
rs198411_CT,1.3344082174603171
rs3765702_CT,1.2324714166666668
rs904255_GG,1.8501282023809527
rs12567136_CT,1.4796699622641503
rs9426306_CC,1.5966064444444446
rs12035857_TC,1.3099606444444445
rs2242421_GG,1.7056245
rs3765702_CC,1.273243916666667
rs2473345_CC,1.9782007469879526
rs12024174_TC,0.775254530612245
rs9286945_GG,1.896598913043478
rs11811497_AA,1.0354460869565218
rs2227295_CT,1.2151275571428573
rs4661732_TT,2.061994205882353
rs12022529_TT,3.4254501250000007
rs12566535_GG,1.6238967536231885
rs2248219_CT,1.001930658536585
rs10158813_AG,1.1118288133333334
rs1767141_CA,1.4000236489795914
rs2483274_AA,2.3813805333333335
rs932372_AG,2.1773009302325588
rs2100516_AC,1.5751029803921568
rs12144924_CT,1.1738017962962966
rs4845881_AG,1.4784136666666667
rs4648464_GG,2.127078942857143
rs932372_AA,1.9104660625000003
rs12144924_CC,1.483984214285715
rs1981135_AA,0.9984224285714286
rs1869970_AG,1.7516533076923082
rs2281303_GA,1.6998218113207537
rs705579_AA,1.1267470754716984
rs680357_AA,1.6043635833333327
rs4846127_TT,1.633113258426966
rs3795687_CC,1.7344397142857146
rs12735646_GA,1.3398400298507473
rs1881561_TT,0.8221825675675678
rs12752833_CT,0.8762822407407412
rs12036216_GG,1.6910825764705872
rs4908748_TT,0.9356549473684208
rs1569422_AA,0.9663940731707314
rs2744720_TT,1.1934788518518518
rs11555809_TT,3.1150985714285713
rs6703610_CT,1.2594813186813185
rs4316338_GG,1.2961628095238094
rs4648390_CT,1.4258022857142858
rs17421462_GG,1.055040846153846
rs4387213_GG,1.5012704945054947
rs3131419_GA,1.8597607916666667
rs2236817_GG,1.3467463050847461
rs2821054_AA,1.7189035454545456
rs590368_CC,1.5420835641025639
rs1535179_AG,1.569336
rs11247865_TC,1.6849729148936166
rs12078414_CC,1.387318676470588
rs5746051_AG,1.5489992162162158
rs4529713_AG,1.037391114285714
rs3818033_TT,1.5340017761194034
rs1883567_GT,1.8499703431372556
rs7513455_GG,1.2383779777777775
rs10492941_GG,1.1978867666666666
rs11583665_GG,2.1527365373134333
rs16830759_AA,1.0453021132075473
rs10927586_GA,1.2484721428571428
rs12048463_CC,1.6162531538461544
rs7551095_GG,1.1472758181818183
rs1201394_AG,1.975965314285714
rs3820189_TT,1.130094379310345
rs12133956_AA,2.4896893999999996
rs3806310_TT,0.6561686785714286
rs848203_AA,1.5664424999999997
rs6540964_TC,1.079152476190476
rs707472_GG,2.162796882352941
rs10462021_AG,1.3109987433962265
rs10917431_TG,1.0257638367346937
rs6680132_TT,5.38494
rs2487670_CC,1.3100938727272722
rs6687869_GG,1.6365703333333335
rs7538925_CT,1.170818593220339
rs1888759_TT,4.471780323529414
rs2275819_CC,1.7036883452380958
rs6690373_AA,1.1801093999999999
rs28603108_AG,1.1238444347826089
rs364642_AG,1.3126715000000002
rs2182703_GG,1.4804961666666665
rs944191_AG,1.3000435441176474
rs17352100_CT,0.8930103999999996
rs1093733_CT,1.008525225
rs2428556_AA,1.3421250714285715
rs6696978_GG,1.7085034864864863
rs11581460_GA,1.394586414634146
rs2294811_GG,0.9969207037037037
rs2093763_TT,1.2874916923076922
rs1046548_AA,1.7682221891891892
rs6683624_CC,1.5263135901639342
rs2807345_TT,1.67544025
rs3789543_CC,0.9764004047619048
rs2294811_GT,1.4274731315789468
rs4655108_GG,1.3339282307692306
rs2143810_TG,1.8289457627118646
rs707472_TT,1.6634265660377354
rs6665546_GA,1.6878081944444443
rs12140626_GA,1.5452071608695648
rs12042883_CT,2.0812714736842106
rs7417097_GG,1.3132140303030306
rs2651935_CC,1.5893394909090912
rs1849943_GG,1.5776044794520554
rs3128342_GT,1.820759943396226
rs7512834_TC,1.2753141724137933
rs697760_GG,1.0922694871794874
rs3013045_AG,1.8270652117647066
rs3013045_AA,1.5853465199999996
rs697760_GT,2.0802301333333335
rs873319_CC,1.3837666521739131
rs6697292_GG,1.9484390416666664
rs2293910_AA,1.971831
rs7543486_GA,0.9945897959183676
rs313990_AG,1.7854873541666672
rs10927632_AA,0.45751322222222224
rs10864301_CT,1.163778666666667
rs4233292_GG,1.6361552499999998
rs17367504_AA,1.3736681162790698
rs6577408_AG,1.0481369807692307
rs7536088_AG,1.0495865694444444
rs2250358_TC,0.9331128611111112
rs12139433_AA,1.9629164722222232
rs7536195_CT,1.1700367031249996
rs7536088_AA,1.1091798181818182
rs12145450_TT,2.3140686451612913
rs3795687_TT,1.7118584444444442
rs3813805_TT,1.7285934054054055
rs10907194_CT,1.246944589285714
rs12736858_CT,1.4031340499999996
rs3765380_CT,1.638946195121951
rs4609454_AG,1.143403875
rs4080918_CC,1.3837458823529414
rs4920310_AA,1.282905103448276
rs17383551_AG,1.6535419090909091
rs10794522_TC,1.7123717500000002
rs905138_TT,1.7774554545454544
rs6658098_CT,1.4043647341772156
rs1544068_GA,1.687817211538461
rs10903032_AG,1.5149882941176471
rs4240904_CT,1.150147990909091
rs2840758_GA,0.9805042916666666
rs12028945_GG,2.5494676966292142
rs2480772_AG,1.5191996842105262
rs17416878_AG,1.364613566666667
rs2480772_AA,1.798341907692308
rs4920485_GG,1.5341786551724137
rs4920642_TT,1.6991557567567568
rs1257163_AG,1.5608388254237295
rs17184651_AA,1.842616
rs10803369_AC,1.099932346153846
rs2134482_CT,1.3574655806451617
rs12137409_CC,2.463763052631579
rs12759525_CT,1.6636910156250007
rs10753494_CC,2.3758467551020424
rs551355_AA,3.19387
rs4845892_AC,1.204020733333333
rs7555171_AC,1.6063462333333334
rs4585968_GA,1.287022176470588
rs881247_AG,1.3465046229508195
rs1148455_CT,1.6551363738317753
rs11203239_TT,1.0087598076923077
rs2254669_TC,1.5022414807692313
rs2483274_GG,1.2834915384615384
rs586589_TT,1.6571062131147538
rs2184708_AA,1.615801846153846
rs12755956_GA,1.6638184999999992
rs880315_GG,3.743418
rs10927437_AG,1.3084843
rs7519457_AA,1.433397704545455
rs9426306_TT,1.8836053043478247
rs4654299_AC,1.4749224791666673
rs10864304_AG,1.1948471166666665
rs10917176_TT,2.2977626428571427
rs3819967_CT,1.3466687272727271
rs1569635_GG,1.323594573529412
rs12128325_GA,1.349616846153846
rs6697733_TT,1.7120766666666665
rs4646092_GG,2.2775928421052645
rs652536_GA,1.0162610967741936
rs4949516_CT,1.687269913793103
rs7553424_CC,1.566095214285714
rs12040954_GA,1.6818842638888893
rs4649124_GA,1.4244937956989245
rs11249209_GG,1.3184126774193548
rs11587739_AA,1.3149068367346937
rs11587739_AG,1.4964618235294123
rs6598858_TT,1.7282765555555566
rs7529591_CT,1.1992282343749996
rs4845952_GA,0.9671808285714286
rs2095518_AG,1.8330428739495794
rs4920653_CC,3.93494
rs9659647_GA,1.3346613333333335
rs9659647_GG,2.069838340425532
rs11587326_CC,1.8260858275862064
rs10916846_CC,1.3042546444444443
rs7529591_CC,1.3826085909090908
rs2651927_TT,1.4056373220338991
rs14057_AA,2.5840152222222224
rs7411273_CT,1.6195657619047608
rs877648_TT,1.170152352941177
rs3766160_GA,1.4414633018867926
rs7522344_AA,1.4017714727272732
rs3900818_TT,2.5485280000000006
rs877648_TC,1.4043532307692306
rs12040805_TT,0.8876606666666668
rs12409315_AA,1.208642743589744
rs12409315_AG,1.2357364655172418
rs11587046_CC,1.447722125
rs2092324_AA,1.3579526327272726
rs880801_GG,1.9068582093023252
rs1005753_AC,1.0181987878787873
rs665691_CC,2.0395565999999996
rs2477782_TC,1.2205740370370368
rs4649163_CT,1.4051706470588237
rs4141983_TC,1.0650051199999995
rs4648537_TT,1.3283099787234043
rs1292664_CC,1.3266824523809522
rs3820610_AA,1.5171759565217386
rs2092324_AG,1.3807429333333328
rs11590846_TT,1.6030434736842105
rs7543809_TC,1.178018666666667
rs3002000_GG,1.0547568181818183
rs6661776_GG,1.5543990434782613
rs16824712_TC,1.5166471153846155
rs1004557_GA,1.612203784810126
rs7534822_TT,1.6696477868852455
rs2473253_CC,1.6957406236559152
rs10916825_AG,1.7615555609756097
rs16824712_TT,1.6124436093749994
rs6688931_AA,1.2108220923076922
rs6685177_GG,1.6769957555555561
rs10864479_GG,1.5652871702127662
rs10902684_CT,0.8314891000000001
rs9329417_TT,1.2605310930232558
rs10779722_TT,1.7160426000000006
rs2020902_TT,1.1518234193548391
rs11589265_TT,1.6243756363636364
rs12128253_CC,1.5661159999999996
rs517249_GA,1.0863847999999996
rs16862684_GA,1.2694828823529407
rs517249_GG,1.3002337777777777
rs6541003_AG,1.365589101265823
rs2473808_GA,1.0100412941176466
rs11261017_CC,2.3570908636363637
rs2489256_GG,1.9342143333333333
rs12097284_CC,1.5595747192982459
rs6699113_TT,1.2647794210526309
rs4391636_TT,2.118447105263158
rs4543799_AA,1.596973
rs1193219_AG,1.6347994696969694
rs11590458_CT,0.9192487500000001
rs6429695_TT,1.3203388032786885
rs10903038_TG,0.9989352307692309
rs2071999_AA,1.6371154878048781
rs7553231_TT,1.900662631578947
rs1188395_CC,1.7650840666666663
rs2213801_GG,1.3002082777777775
rs6429804_AA,1.1591708181818177
rs6429804_AG,1.7471646470588236
rs576436_AG,1.4103408032786882
rs7418164_GA,2.2526432
rs200440_CC,1.3173705
rs2038095_TT,1.6033662363636365
rs12062540_AG,1.300393185185185
rs1201394_AA,1.9432639210526315
rs10779763_AA,2.9515133333333337
rs2495365_TC,1.6083066710526313
rs12024174_CC,2.398970703703704
rs7538516_TT,1.648750513513513
rs3765340_CT,1.2696377833333334
rs10864316_AG,1.3080923442622954
rs7528608_CC,1.098528195652174
rs12145714_GG,1.7673136969696965
rs7550997_GA,1.294623257142857
rs7546786_TC,1.3345337333333336
rs12685_CC,1.5096025454545456
rs15045_AA,2.115674855263157
rs1339367_GG,1.2463275692307696
rs1740481_AG,1.2353313750000003
rs10910078_CC,1.5620240196078417
rs749663_CT,1.3696617000000002
rs2977272_CC,1.2646899756097563
rs1556083_GA,1.3119724761904759
rs7546786_TT,1.2072319487179486
rs652536_GG,1.4451385000000005
rs11584631_GG,1.4160059861111107
rs4845907_AA,0.9228411549999999
rs504560_CT,1.3186905454545457
rs2250358_CC,3.5558777999999998
rs2797685_AA,1.3505129565217395
rs1702311_AG,0.9056519473684211
rs1193223_GA,1.404681432835821
rs6541003_AA,1.8011285365853653
rs4348727_GG,1.1700715438596494
rs12726425_CT,1.0979667301587301
rs4654726_CA,1.2887701833333334
rs1891419_GG,1.5212454363636367
rs6698901_AG,1.1984149208333332
rs1188403_GA,1.7819347547169804
rs1033867_TT,0.9690716000000005
rs12095517_CC,1.2680782407407405
rs7543405_CT,2.350176028037384
rs333185_GA,0.8498693448275862
rs1138333_AA,1.5645968599999998
rs1138333_AC,2.1162144320987655
rs10489144_CC,1.5348525609756092
